record,snps,num_snps
001_Turkey_HSGM_Pox_Genome,1262GA;2591GA;3111GA;3522GA;3818CT;5636GA;7315GA;7771CT;14000GT;15428GA;16041GA;17367TA;18769AG;21723GA;23564CT;25661GA;28175TC;30367GA;30492GA;31053GA;34459GA;35067GA;35866CT;37043CT;37202GA;38360GA;38662CT;39119CT;39139CT;52885GA;54117GA;54635GA;59576TC;64297GA;66308GA;72362CT;73066CT;73239GA;74205GA;74360GA;76229GA;77383GA;81275GA;81977AG;82373CT;82451GA;83326CT;84587CT;87230GA;87297GA;88853CT;91728GA;92820GA;93245CT;95034GA;95467GA;99629CA;99630GT;108990CA;112336TG;117055GA;117550TC;119296CT;119573CT;119574TC;121320CT;124130GA;128698CT;129288GA;129506GA;132651GA;132950AG;133714CT;134279CT;134280TC;136558GC;137665CT;139093TA;143363GT;145771CT;146046CT;148412GA;148805AC;148934GA;149969AG;149976TC;150469CT;151323CT;151461AC;154408TC;154846CT;155633TG;155698GA;158218TG;160951GA;162243GA;162331CT;164832CT;165985GA;166268AG;168120CT;168786AT;170262GA;170822AG;173870TA;177247CT;178133GA;181958CT;181980GA;183387CT;186578GA;190155CT;191402CA;191574CT;193392GA;193688CT;194099CT;194619CT;195948CT,1004
002_Turkey_HSGM_Pox_Genome,1262GA;2591GA;3111GA;3522GA;3818CT;7771CT;14000GT;15428GA;18769AG;21723GA;23564CT;25644CT;25661GA;25790GA;28175TC;30367GA;31053GA;34459GA;37202GA;38662CT;39119CT;39139CT;39415TC;49069GA;52885GA;53184GT;54117GA;54635GA;64297GA;72362CT;73066CT;73239GA;74205GA;77383GA;81275GA;82373CT;82451GA;83326CT;84587CT;87230GA;87297GA;91728GA;95034GA;100261AG;119296CT;120241GA;121320CT;124130GA;124674GA;125249GA;128698CT;148412GA;150469CT;151461AC;154408TC;155795GA;162243GA;162331CT;164832CT;168120CT;170262GA;178133GA;181980GA;183519CT;186578GA;187428CT;193392GA;193688CT;194099CT;194619CT;195948CT,589
003_Turkey_HSGM_Pox_Genome,1262GA;2591GA;3111GA;3522GA;3818CT;14000GT;15428GA;23693AG;25661GA;30367GA;31053GA;37202GA;38360GA;38662CT;39119CT;39139CT;52885GA;54635GA;64297GA;72362CT;73239GA;81275GA;81977AG;82373CT;82451GA;84587CT;87230GA;87268AG;87297GA;91728GA;95034GA;100261AG;117347GA;121320CT;124130GA;124674GA;125457GA;128698CT;129603CT;148412GA;154408TC;162243GA;162331CT;164832CT;183519CT;187428CT;193392GA;193688CT;194099CT;194619CT;195948CT,422
004_Turkey_HSGM_Pox_Genome,1262GA;2591GA;3522GA;3818CT;7771CT;18769AG;21723GA;30367GA;74205GA;81977AG;82373CT;121320CT;124130GA;150469CT;151461AC;193392GA;193688CT;194619CT;195948CT,154
005_Turkey_HSGM_Pox_Genome,1262GA;2522TC;2591GA;3306TC;3522GA;3542CT;3818CT;5347AG;5349GA;11093CT;11619GA;11711GA;12931TA;14000GT;14872TC;15428GA;16901CT;21242TC;21464AG;23564CT;23954CG;31484CT;31556GA;33508TC;34459GA;36820TA;37202GA;39119CT;39139CT;40516TC;43278CT;44411GA;51100AG;51479AG;51489CT;52060CT;54488GA;54611CT;54635GA;54758AG;54786GA;58042AT;59349TG;59361AG;59807GA;64297GA;65263TA;66317TC;69714CT;72362CT;73066CT;73239GA;73421CA;77383GA;77524AG;81275GA;81977AG;85890GA;87297GA;88027CT;88028TC;88671CT;94728AG;94885GT;100261AG;100329TC;103735CT;106459AG;107976CT;109527AG;113174TC;119221GA;121320CT;121398TC;121663GA;121698CT;122090TC;122094CT;122156GA;123296AT;124130GA;124674GA;125249GA;125670CT;126516CT;128698CT;128937CT;129542CT;131228GA;131404TA;136558GC;137152CT;137314CT;138614CT;141373CT;142815CT;142956GA;143592GA;148412GA;149086CT;149093TC;149610AG;149660AT;150469CT;150784AG;154408TC;154772TC;154923CT;155795GA;156421AG;156430GA;160021GT;162243GA;162331CT;168120CT;169858CT;169869CT;170262GA;170768GA;171388TC;177527CT;177537CT;178133GA;178405GA;179485CT;182736AG;183519CT;186109TC;193392GA;193688CT;194619CT;195948CT,1114
006_Turkey_HSGM_Pox_Genome,1262GA;2591GA;3006AG;3522GA;7723GA;7771CT;7786TC;7840CT;12725GA;12729CT;12789CG;12906CT;12947GT;12950CT;13664TC;13669GT;13670CG;14000GT;15428GA;16924TG;21723GA;22164GT;22350GA;22428CT;23550GA;23564CT;23648CT;25661GA;26095CA;28175TC;30367GA;31053GA;32729GA;33084TC;33892TC;34101CT;34102TC;34161CT;41708TC;42457TC;43613GA;49972CT;50683AG;57719CT;61120TC;64297GA;68043CT;68294CT;68295TC;70797CT;72201TA;72362CT;73066CT;73239GA;73651TG;73993GA;74205GA;75393AG;75818AG;78016CT;79621GA;81976AG;82373CT;83326CT;87230GA;87297GA;89745CT;89748GT;89979CT;90303CT;91728GA;91739CT;95034GA;95858AG;96180TC;97221TC;101074CT;101494GA;101548AG;101551TC;106947TC;115499TC;115629AG;115630GA;115711GT;115883GA;116050AG;119296CT;121275GA;121320CT;121877AG;124130GA;124674GA;125182GA;127302CA;136300AG;137308TA;137732GA;138032GA;138453CT;138682GA;139356CT;139420GA;148412GA;150469CT;151461AC;154408TC;162243GA;162331CT;163346AT;164832CT;166781CA;166909CT;167304AG;169986AT;170262GA;173188AG;173250TA;173327AC;173417AG;173954CT;174002GA;174042GC;174069GA;174451GA;176161GA;177545TC;178190CG;178987TC;179008CT;179009GT;179020GA;179022CA;179053GA;179054AC;179056GT;179058TA;179809GA;179814CT;180712CT;180804GT;180913GA;181495CT;181980GA;187428CT;188098GA;190309CT;193688CT;194204TC;194619CT;195948CT,1274
007_Turkey_HSGM_Pox_Genome,303GA;598TA;1262GA;2572CT;2591GA;3111GA;3818CT;5563GA;6148CT;6599CT;6856GT;6889AG;6890AC;6898CA;7045AG;7231CT;7771CT;7884CT;11093CT;11112CT;11644AG;11883CT;11941TC;11978GA;13393GA;15480CT;18103GA;18284GA;18769AG;20794CT;21344GA;25423TC;25661GA;28175TC;28404GA;28927CT;30367GA;34459GA;35259TA;37202GA;38242AG;38243GA;39119CT;42729AG;42731GA;43363GA;43395TC;43593AG;48899GA;50774TC;52885GA;54635GA;54854GA;54986CT;56830GA;59432TC;59567TC;60615CT;61395CT;61456TC;64297GA;65385CT;66822GA;72362CT;72988GA;73066CT;73239GA;73312AG;73445GA;74205GA;74219AG;74812GA;74926TC;75331AG;75332GA;75376GA;76182GA;77237TG;77383GA;77548TC;79942AG;80029CT;81230CT;81275GA;81977AG;82373CT;82451GA;83195CT;83326CT;85444GA;86129GA;86752GA;87230GA;87297GA;91728GA;99920AG;100261AG;103466TC;104639AG;104684AG;106930GA;107118GA;111029GA;111053CT;111303AG;114849GA;114850CT;114851CA;116803GA;117451GA;118754AG;119296CT;120878GA;121320CT;123046AT;124130GA;124674GA;125249GA;127789TC;128698CT;129052GA;129084GA;131748CT;134694TC;136132GA;136816GA;136860CT;138131TC;138718AG;138850AC;138851AG;139599GA;141902GA;143455AG;143456TA;143887TC;145849TA;145914GA;146608GA;148302GA;149083AT;150469CT;151461AC;154038GA;154229CT;154408TC;155629GA;155795GA;157851GA;160076GA;162095AG;162243GA;162331CT;163511CT;164060TC;164832CT;165208TC;168120CT;169157TC;169260GA;170262GA;170342AT;170462CT;171966CT;178133GA;178335GA;178992TA;179427CT;179448TC;182015GT;183246AC;183519CT;186578GA;186879CT;187428CT;187694AG;189701AG;191062GA;193392GA;194099CT;194619CT;194638GA;195948CT;196619AT,1539
008_Turkey_HSGM_Pox_Genome,1262GA;2591GA;3111GA;3522GA;3818CT;7771CT;14000GT;15428GA;18769AG;21723GA;23564CT;25661GA;28175TC;30367GA;31053GA;34459GA;37202GA;38360GA;38662CT;39119CT;39139CT;52885GA;54117GA;54635GA;64297GA;72362CT;73066CT;73239GA;74205GA;74360GA;77383GA;81275GA;81977AG;82373CT;82451GA;83326CT;84587CT;87230GA;87297GA;91728GA;92820GA;95034GA;100261AG;119296CT;121320CT;124130GA;124674GA;125249GA;128698CT;148412GA;150469CT;151461AC;154408TC;155698GA;155795GA;162243GA;162331CT;164832CT;168120CT;170262GA;178133GA;181980GA;183519CT;186578GA;187428CT;193392GA;193688CT;194099CT;194619CT;195948CT,581
009_Turkey_HSGM_Pox_Genome,1262GA;2591GA;3111GA;3522GA;3818CT;7771CT;14000GT;15428GA;18769AG;21723GA;23564CT;25661GA;28175TC;30367GA;31053GA;34459GA;37202GA;38360GA;38662CT;39119CT;39139CT;52885GA;54117GA;54635GA;64297GA;72362CT;73066CT;73239GA;74205GA;77383GA;81275GA;81977AG;82373CT;82451GA;83326CT;84587CT;87230GA;87297GA;91728GA;95034GA;100261AG;101074CT;119296CT;121320CT;124130GA;124674GA;125249GA;128698CT;136558GC;138682GA;148412GA;150469CT;151461AC;154408TC;155795GA;162243GA;162331CT;164832CT;168120CT;170262GA;178133GA;181980GA;183519CT;186578GA;187428CT;193392GA;193688CT;194099CT;194619CT;195948CT,583
010_Turkey_HSGM_Pox_Genome,1325TC;2336AG;2591GA;3111GA;3522GA;3818CT;4161TG;4556CT;6171TC;7625AG;7626GA;7771CT;9390GA;12714GA;14460CT;14804CT;15428GA;18709GA;18769AG;20200CT;21723GA;23564CT;23912GA;24843TC;25637TC;25661GA;25663GA;27263AG;28175TC;30124TC;30367GA;31053GA;31693CT;31901GA;34459GA;36881AG;37202GA;38360GA;38662CT;39119CT;39139CT;43283CT;44113CT;44622CT;45850GA;47905CT;52885GA;54117GA;54415CT;58514CT;58535CT;63454GA;64297GA;72362CT;73010CT;73066CT;73239GA;73421CA;74205GA;74367CT;74811CT;77383GA;78507TC;79536CT;81275GA;81977AG;82373CT;82451GA;82867TC;83120CT;83326CT;84294GC;84587CT;85715GA;87230GA;87297GA;91728GA;94012CT;94680GT;95034GA;96341CT;97134CT;97741GA;100261AG;101074CT;103340CT;103553CT;103779TA;107118GA;107535GA;109602CT;119296CT;120468AG;120610GA;120902CT;121320CT;123818CT;124130GA;124674GA;125249GA;126210TC;128698CT;129710CT;140001CT;141879CT;141931TC;148412GA;150469CT;150589TA;151461AC;151874CT;154408TC;154614GA;162243GA;162331CT;164832CT;168090GA;170262GA;171480AG;172268CT;181980GA;184868CT;184899GA;186837CT;187428CT;192555AG;193392GA;193688CT;194099CT;194619CT;194874TC;194968CT,1091
011_Turkey_HSGM_Pox_Genome,1129AG;1158GA;1262GA;1420CT;1894CT;2797AG;3088GA;3100GA;3111GA;3522GA;3743GA;3818CT;18252CT;21723GA;23564CT;25447CT;28154AG;28155GA;28175TC;31053GA;31569AG;31978AT;32211CT;32445CT;32450GT;36176GA;38527TC;39119CT;39213GA;39414AG;39440GA;42221GA;44113CA;44622CT;44931GA;47829GT;47830CA;54635GA;56573AG;56742CT;58485CT;58514CT;60939GA;60998GA;61132AG;61180TA;61431TC;61437AT;61751TC;63131TC;63580GA;63779AG;64297GA;69983GA;70106AC;70350CG;72362CT;73066CT;74811CT;77383GA;78629GA;79273CT;81977AG;82373CT;82451GA;89386TA;91728GA;95034GA;109611AG;111631AT;111873CT;128097CA;128698CT;130370GA;135820CT;136558GC;141809AT;141813CT;142213GT;154408TC;156234TC;156327GA;156838GA;157165AG;157427CT;160113AG;162243GA;162331CT;170262GA;178133GA;178476CT;178552CT;178794GT;179427CT;179511TC;181495CT;181980GA;183519CT;188787CT;188788CT;189264CT;193392GA;193688CT;193797CT;194099CT;194415GC;194619CT;195948CT,891
